<?xml version="1.0" encoding="UTF-8" standalone="yes"?>
<rest-connector xmlns="http://www.softwareag.com/cloudstreams/metadata/handler/model" id="com.softwareag.cloudstreams.salesmatecrmv03" version="1.0" group="salesmateCRMV03" name="salesmateCRMV03" displayName="salesmateCRMV03">
    <connections>
        <connection type="sagcloud" name="SAG_Connection" displayName="SAG_Connection">
            <groups>
                <group type="connection" name="connection" displayName="Connection">
                    <description>Define the required connection configurations to initiate communication with the SaaS provider.</description>
                    <fields>
                        <field isRequired="true" isEncrypted="false" isHidden="false" isArray="false" defaultValue="https://softwareag.salesmate.io/apis/v3/" name="cn.providerUrl" displayName="Server URL">
                            <description>The native provider endpoint target for the connection configuration</description>
                        </field>
                    </fields>
                </group>
                <group type="custom" name="custom" displayName="Custom">
                    <description>Define any custom configurations specific to the SaaS provider.</description>
                    <fields>
                        <field type="string" isRequired="false" isEncrypted="false" isHidden="false" isArray="false" modelType="Basic" name="cx.sessionToken" displayName="sessionToken"/>
                        <field type="string" isRequired="false" isEncrypted="false" isHidden="false" isArray="false" modelType="Basic" name="cx.x-linkname" displayName="x-linkname"/>
                    </fields>
                </group>
            </groups>
        </connection>
    </connections>
    <services>
        <service xmlns:xsi="http://www.w3.org/2001/XMLSchema-instance" xsi:type="RESTServiceType" endpoint="${cn.providerUrl}" name="default_resourcegroup" displayName="Default_ResourceGroup">
            <documentModel packageName="." nsName="com.softwareag.cloudstreams.salesmatecrmv03.default_resourcegroup.doctypes" useInlineModel="true"/>
            <resources>
                <mappings/>
                <resource method="GET" path="tasks/{activityId}" type="SIMPLE" name="getActivity" displayName="Activity">
                    <mappings>
                        <map isRequired="true" context="IN" name="sessionToken">
                            <source type="IDATA">cx.sessionToken</source>
                            <target type="HEADER">sessionToken</target>
                        </map>
                        <map isRequired="true" context="IN" name="x-linkname">
                            <source type="IDATA">cx.x-linkname</source>
                            <target type="HEADER">x-linkname</target>
                        </map>
                    </mappings>
                    <parameters>
                        <parameter name="activityId" isRequired="true" style="URI_CONTEXT"/>
                        <parameter name="trackingRecentSearch" style="QUERYSTRING_PARAM" defaultValue="true"/>
                    </parameters>
                    <responses>
                        <response name="salesmateCRMV03_Response" code="200" messageFormatterType="application/octet+idataoref" builderType="application/json" documentRef="com.softwareag.cloudstreams.salesmatecrmv03.default_resourcegroup.doctypes:salesmateCRMV03_Response" excludeRoot="true" dimension="0"/>
                    </responses>
                </resource>
            </resources>
        </service>
    </services>
</rest-connector>
